UID,File,bass,pitched,sustained,rhythmic,melodic
42ad869edb98447c94deae6eb7621ab7,learndata\0.2b\input_folder\samples\808-77749.wav,,,,1,0
00cfa8b4c3914b1cab9e6b818f4a6e18,learndata\0.2b\input_folder\samples\a-ride-through-chinese-valley-62241.wav,,,,,1
9378c865822e4c62bf72a46ad219437c,learndata\0.2b\input_folder\samples\bass-track-panned-78629.wav,1,,,,
3cef4f3519c241bcac87d32ce58da53e,learndata\0.2b\input_folder\samples\bathroom-chill-background-music-14977.wav,,,1,,1
997c23c50561492aacf5571096025544,learndata\0.2b\input_folder\samples\beat-of-beat-7670.wav,0,0,0,1,0
5dc74b41d61e4cf89ed9898960885b05,learndata\0.2b\input_folder\samples\bminor_rock_bassgroove_120bpm-30321.wav,1,,,,
2e3998f8fbb04585b09da9e3590dff4c,learndata\0.2b\input_folder\samples\chitarra-e-piano-3-30-sec-110546.wav,,,,,1
cc9ab61662114b2cb92266f71bc8a0b0,learndata\0.2b\input_folder\samples\chitarra-e-piano-7-30sec-110550.wav,,,,,1
cbe70f03144b4a6aa115eae1cf0cd5e1,learndata\0.2b\input_folder\samples\choir-ambient-hope-194325.wav,,,1,,1
08e148a43a764057ac1c05fe895e3b84,learndata\0.2b\input_folder\samples\Deep Resonance.wav,,,1,,1
ac78991c518b4d72848738c28683e72c,learndata\0.2b\input_folder\samples\dirty-lofi-beat-66297.wav,,,,1,
6b8dc6f0ab6b423d9e0597d3736dd784,learndata\0.2b\input_folder\samples\dnb-bassline-170-bpm-85155.wav,1,,,,
8e9cbfca73c64523aa7de56be22a1544,learndata\0.2b\input_folder\samples\dreaming-in-happiness-126511.wav,,,,1,
3b1ac387bbed4fa480bd6d38229d6b45,learndata\0.2b\input_folder\samples\epic-drum-intro-18sec-short-195488.wav,,,,1,
8c7f8923b29340f6a9b097320df9e6f1,learndata\0.2b\input_folder\samples\instant-rave-69443.wav,1,,,1,
074c721259aa4f4aa5b1f62daa73b0e9,learndata\0.2b\input_folder\samples\jazz-happy-110855.wav,,0,0,1,1
0811bef8e91747d78a96c7807b452707,learndata\0.2b\input_folder\samples\lca_172_drum_06_full-98179.wav,,,,1,0
0dcc4473e07c44d6b495a8d6c11f66e5,learndata\0.2b\input_folder\samples\pluck-loop-91bpm-132429.wav,,,,1,1
8eb5e64f789c479faf3473cdc5d68d69,learndata\0.2b\input_folder\samples\reese-bass-2-68841.wav,1,,,,
ae1f5179c21e455a843611825146bb00,learndata\0.2b\input_folder\samples\rpeople_127_kickloop_05-106319.wav,,,,1,0
d0c22013e4e74f399be3b1fd63db22e0,learndata\0.2b\input_folder\samples\search-for-infrasonics-soundscape-50316.wav,,,,,1
3e02a42d021f45b59032d84c78135224,learndata\0.2b\input_folder\samples\simple-bass-88983.wav,1,,,,
03cc27691c0b499ca2b23abcffaf392c,learndata\0.2b\input_folder\samples\simple-synth-bass-loop-90-bpm-26827.wav,1,,,,
9a186e40d92b44379f6929d1cea4064a,learndata\0.2b\input_folder\samples\solitarymaninblack-techno-loop-11912.wav,,,,1,
f14f5cd4789b4e32b3dd1548715b1888,learndata\0.2b\input_folder\samples\texture-bells-214716.wav,,,1,,1
cff79086bef54ee9a6b6c7d661ce4761,learndata\0.2b\input_folder\samples\the-long-hall-of-the-machine-men-54893.wav,,,1,,1
5c7a4560d9f240d485cd120801c85509,learndata\0.2b\input_folder\samples\video-game-music-loop-27629.wav,0,0,1,,
e55384c867d748a6bf65dc1ef24c340d,learndata\0.2b\input_folder\samples\windchimepadc1-72472.wav,,,,,1
bbf4b5cb19f44a26b91cb870776518ff,learndata\0.2b\input_folder\samples\woowee-2-92962.wav,0,1,,,1
