UID,File,bass,pitched,sustained,rhythmic,melodic
ecfad96b740844c39c96127279f22cf6,learndata\0.2\input_folder\Drums\01. Bass Drum\BD 606 Long MPC60 01.wav,1,,,,0
b142d58c8408431c85e20094dfbed8b3,learndata\0.2\input_folder\Drums\01. Bass Drum\BD 606 Punch A MPC60 05.wav,1,,,,
e83a0bb83b43447688c6f7f42d97a87e,learndata\0.2\input_folder\Drums\01. Bass Drum\BD 808 Clean A MPC60 01.wav,1,,,,
8b9047c87b454d25bfbcd1f6cf522c37,learndata\0.2\input_folder\Drums\01. Bass Drum\BD 909 Clean MPC60 05.wav,1,,,,
36e62ffd745b463ba8e6cbc287867460,learndata\0.2\input_folder\Drums\01. Bass Drum\BD Club Dirt MPC60 08.wav,1,,,,
35f6ae625cd54014aa1bc6fba6c5f5ac,learndata\0.2\input_folder\Drums\01. Bass Drum\BD Overtone MPC60 13.wav,1,,,,
f50bb3f29ee247c9be5267ab934e0194,learndata\0.2\input_folder\Drums\01. Bass Drum\BD Real Top Air MPC60 10.wav,1,,,,
e948657b80b3434cbe27f97b3a767d36,learndata\0.2\input_folder\Drums\01. Bass Drum\BD Real Top B MPC60 05.wav,1,,,,
4edcd5ca7d0a4156bd1abf2464b90f99,learndata\0.2\input_folder\Drums\01. Bass Drum\BD Real Top B MPC60 09.wav,1,,,,
c2aaacd28d3c46eabf94b8f2f403c415,learndata\0.2\input_folder\Drums\01. Bass Drum\BD Snare Top B MPC60 12.wav,1,,,,
0b19cd6d06e74aff96f1f2a677add5bd,learndata\0.2\input_folder\Drums\02. Snare\Snare 606 C MPC60 10.wav,,1,,,
8121dd852a814075ba8819877c013b81,learndata\0.2\input_folder\Drums\02. Snare\Snare 606 D MPC60 19.wav,,1,,,
a123f78716964e509670fe78f57a2ce3,learndata\0.2\input_folder\Drums\02. Snare\Snare 808 A MPC60 10.wav,,1,,,
9e4eaf23eec14d119d8d4902c8a18648,learndata\0.2\input_folder\Drums\02. Snare\Snare 808 B MPC60 19.wav,,1,,,
dfaa119dae164e36996545630d9448cf,learndata\0.2\input_folder\Drums\02. Snare\Snare 808 C MPC60 01.wav,,1,,,
aed100fb13a94c84afec41942d1574cb,learndata\0.2\input_folder\Drums\02. Snare\Snare 808 C MPC60 10.wav,,1,,,
086f604021e74661a1c6bc832906c67b,learndata\0.2\input_folder\Drums\02. Snare\Snare 808 C MPC60 19.wav,,1,,,
1d34d441167f48829cadbf2b1e21477a,learndata\0.2\input_folder\Drums\02. Snare\Snare 909 MPC60 01.wav,,1,,,
2657324f1beb4126ba31cc0b852e7275,learndata\0.2\input_folder\Drums\02. Snare\Snare Arp Noise A MPC60 19.wav,,1,,,
79717fabd4974e0e85045b87489fda12,learndata\0.2\input_folder\Drums\02. Snare\Snare Nice Room MPC60 19.wav,,1,,,
9e0fcfbe2b134e3983009c44e01faeac,learndata\0.2\input_folder\Drums\05. HH\CH 909 A MPC60 10.wav,,1,,,
ea549b64348e470182ed3a23118ad7c3,learndata\0.2\input_folder\Drums\05. HH\CH Crisp MPC60 10.wav,,1,,,
bb8cb09967cb47e79bdd8db3fb67aec5,learndata\0.2\input_folder\Drums\05. HH\OH 808 MPC60 10.wav,,1,,,
67a7deff7c10421cb47a5a4278ca2091,learndata\0.2\input_folder\Drums\08. Tom\Tom 606 Hi MPC60 16.wav,,1,,,
44d3ec7802664bdbbe6873215b164c5f,learndata\0.2\input_folder\Jungle Jungle - 1989 to 1999 Samplepack\Bass\Beta Bass.wav,1,1,,,
7ff03d41e5b54ad78cddd720524f92b7,learndata\0.2\input_folder\Jungle Jungle - 1989 to 1999 Samplepack\Bass\Blue Bass.wav,1,,,1,
eba506e77c59423989d7b14f7e52ffce,learndata\0.2\input_folder\Jungle Jungle - 1989 to 1999 Samplepack\Bass\Calm Bass.wav,1,,,,
1dc6ff0e67564b39a45689cf3e7cef67,learndata\0.2\input_folder\Jungle Jungle - 1989 to 1999 Samplepack\Bass\Chain Bass 2.wav,1,,,,
0080239ec94249e39f6483a4a69d8dc2,learndata\0.2\input_folder\Jungle Jungle - 1989 to 1999 Samplepack\Bass\Dred Bass.wav,1,,,,
76c37c5c0d514f8dbedd76a23a36eef0,learndata\0.2\input_folder\Jungle Jungle - 1989 to 1999 Samplepack\Bass\Drumz Reese.wav,1,1,,,
bc8c7e03d4074fab939790071f99cae9,learndata\0.2\input_folder\Jungle Jungle - 1989 to 1999 Samplepack\Bass\Gang Sub.wav,1,,,,
c5ffa86d32024f5aa7a9e840fb198c51,learndata\0.2\input_folder\Jungle Jungle - 1989 to 1999 Samplepack\Bass\Haze Bass.wav,1,,,1,
de5db8c85d2346da830773036f1ef897,learndata\0.2\input_folder\Jungle Jungle - 1989 to 1999 Samplepack\Bass\Hearing Bass.wav,1,,,1,
45ff13bae58f48e8a8bf99ec37e913ba,learndata\0.2\input_folder\Jungle Jungle - 1989 to 1999 Samplepack\Bass\Let Roll Bass.wav,1,,,,
b37312597f18476d9279d4a756cb48d6,learndata\0.2\input_folder\Jungle Jungle - 1989 to 1999 Samplepack\Bass\Logik Bass.wav,1,,,1,
d982fe4d0d5a45d99a4d4aca3c2b31e2,learndata\0.2\input_folder\Jungle Jungle - 1989 to 1999 Samplepack\Bass\London Smooth Sub.wav,1,,,,
ea31f1bd1db04d8b97047880a9bd039e,learndata\0.2\input_folder\Jungle Jungle - 1989 to 1999 Samplepack\Bass\London Sub.wav,1,,,1,
fe896e2544f64a13b5986354ba832bb9,learndata\0.2\input_folder\Jungle Jungle - 1989 to 1999 Samplepack\Bass\Love Bass.wav,1,,,,
1baa0a83a2684d4ca8952d4193b03bae,learndata\0.2\input_folder\Jungle Jungle - 1989 to 1999 Samplepack\Bass\Meltdown Bass.wav,1,,,1,
661eeeb5c7f04880a1d442d068ec2607,learndata\0.2\input_folder\Jungle Jungle - 1989 to 1999 Samplepack\Bass\Night Bass.wav,1,,,1,
5040c9b06fcc4928bc2d5f78351e22c9,learndata\0.2\input_folder\Jungle Jungle - 1989 to 1999 Samplepack\Bass\Null Bass.wav,1,,,1,
69f205a112b74bf883591d8f9e159f23,learndata\0.2\input_folder\Jungle Jungle - 1989 to 1999 Samplepack\Bass\Pressin Sub.wav,1,,,,
0c7ea6f0665540ccb07a1946b43255f1,learndata\0.2\input_folder\Jungle Jungle - 1989 to 1999 Samplepack\Bass\Type Bass.wav,1,,,0,
31c2244dcd6d4f14a3f3bf6279dbf86a,learndata\0.2\input_folder\Jungle Jungle - 1989 to 1999 Samplepack\Bass\Walk Bass.wav,1,,,,
15b8c8210243486bab19e1d9bcb34dea,learndata\0.2\input_folder\Jungle Jungle - 1989 to 1999 Samplepack\Bass\What Ya Gonna Sub.wav,1,,,,
2c60d566bdd0427a9f194879544cb267,learndata\0.2\input_folder\Jungle Jungle - 1989 to 1999 Samplepack\Breaks\Adrift Break.wav,,1,1,1,
7c1b750e279440c29801fe2c5fb782ef,learndata\0.2\input_folder\Jungle Jungle - 1989 to 1999 Samplepack\Breaks\Alzir Break.wav,,1,0,1,0
eb07417d7ce44c8b9adc2d95195f680a,learndata\0.2\input_folder\Jungle Jungle - 1989 to 1999 Samplepack\Breaks\Angles Break.wav,,1,,1,
90b514ab9e924318ac98a5b34bd50f81,learndata\0.2\input_folder\Jungle Jungle - 1989 to 1999 Samplepack\Breaks\Apollo.wav,,1,,1,
ceccecd510f34565acd48c8c5bf6dc1a,learndata\0.2\input_folder\Jungle Jungle - 1989 to 1999 Samplepack\Breaks\Arson Fill.wav,,1,,1,
da63e13ee122478ab973c301ffd9d94d,learndata\0.2\input_folder\Jungle Jungle - 1989 to 1999 Samplepack\Breaks\Atlantis Amen.wav,,1,,1,
38b52858a3884a9881f678be122483bf,learndata\0.2\input_folder\Jungle Jungle - 1989 to 1999 Samplepack\Breaks\Back Break 2.wav,,1,,1,
2f5f97dfd41a406eadb2f04d66506112,learndata\0.2\input_folder\Jungle Jungle - 1989 to 1999 Samplepack\Breaks\Beep Break.wav,,1,,1,
973a0c66212747ed92af19e4df23e7ac,learndata\0.2\input_folder\Jungle Jungle - 1989 to 1999 Samplepack\Breaks\Blaze Break.wav,,1,,1,
3c4238b08a5b457480bf8e3ee541effc,learndata\0.2\input_folder\Jungle Jungle - 1989 to 1999 Samplepack\Breaks\Blue Break.wav,1,1,,1,
b79947a8892047c6bdad8563103acf34,learndata\0.2\input_folder\Jungle Jungle - 1989 to 1999 Samplepack\Breaks\Bonanza Break.wav,,1,,1,
1e2ca3a1fb8747389504aa59f74f8194,learndata\0.2\input_folder\Jungle Jungle - 1989 to 1999 Samplepack\Breaks\Boo Break.wav,1,1,,1,
ebdc7c63dde34c8886046cbad369bad2,learndata\0.2\input_folder\Jungle Jungle - 1989 to 1999 Samplepack\Breaks\Boo Worm Break.wav,,1,,1,
92fde9487fa641408079efcf076e08f8,learndata\0.2\input_folder\Jungle Jungle - 1989 to 1999 Samplepack\Breaks\Bouncer Break.wav,1,1,0,1,1
088b9b4bacd74d9a88254c0c37e74d20,learndata\0.2\input_folder\Jungle Jungle - 1989 to 1999 Samplepack\Breaks\Box Break 2.wav,1,1,0,1,
3e9ae0c299d84baf8919c3e960c4506f,learndata\0.2\input_folder\Jungle Jungle - 1989 to 1999 Samplepack\Breaks\Box Break 5.wav,0,1,0,1,
ab1245a99d8541908d705916dc31e212,learndata\0.2\input_folder\Jungle Jungle - 1989 to 1999 Samplepack\Breaks\Box Break.wav,,1,0,1,1
efe624abefff4d848157f49cf14d0a1a,learndata\0.2\input_folder\Jungle Jungle - 1989 to 1999 Samplepack\Breaks\Bronx Break.wav,1,1,0,1,
b5e70e85ebee4b1e87914959c51935b9,learndata\0.2\input_folder\Jungle Jungle - 1989 to 1999 Samplepack\Breaks\Brut Force Break.wav,0,1,,1,
f36a30bf5d934183abf97195d9044812,learndata\0.2\input_folder\Jungle Jungle - 1989 to 1999 Samplepack\Breaks\Calling Break.wav,,1,,1,
ee1da64b88a7433e9984ad9cd7456266,learndata\0.2\input_folder\Jungle Jungle - 1989 to 1999 Samplepack\Breaks\Calling Reverse Break.wav,,1,,1,
16d77a48b7a24df98ff482f5ee0b8750,learndata\0.2\input_folder\Jungle Jungle - 1989 to 1999 Samplepack\Breaks\Champion Break.wav,,1,,1,
a9f130c039f947199f945d48508de599,learndata\0.2\input_folder\Jungle Jungle - 1989 to 1999 Samplepack\Breaks\Check Break.wav,1,1,,1,
5b981b16c19f48bba2b6af29a9503d9b,learndata\0.2\input_folder\Jungle Jungle - 1989 to 1999 Samplepack\Breaks\Chopper Break.wav,1,1,,1,
61b0befc391b49e0b20653fc3aa53d3e,learndata\0.2\input_folder\Jungle Jungle - 1989 to 1999 Samplepack\Breaks\Control Amen.wav,,1,,1,
a428fc5cf048484b8bde62e27b86fc49,learndata\0.2\input_folder\Jungle Jungle - 1989 to 1999 Samplepack\Breaks\Control Break 2.wav,,1,,1,
aa26d2496c9f4748955cc5323ea8083d,learndata\0.2\input_folder\Jungle Jungle - 1989 to 1999 Samplepack\Breaks\Control Stutter Break.wav,1,1,,1,
ea90ffec63264abcb3430f6b40949c1b,learndata\0.2\input_folder\Jungle Jungle - 1989 to 1999 Samplepack\Breaks\Cool Break.wav,,1,,1,
bca249363d6e4850aae5effb573328af,learndata\0.2\input_folder\Jungle Jungle - 1989 to 1999 Samplepack\Breaks\Dayz Break.wav,,1,,1,
05e37b29eb2945a48bbb20eecc53b2b0,learndata\0.2\input_folder\Jungle Jungle - 1989 to 1999 Samplepack\Breaks\Difference Break 2.wav,,1,,1,
da227bf609894db5b85c2797b39b8c36,learndata\0.2\input_folder\Jungle Jungle - 1989 to 1999 Samplepack\Breaks\Your Amen 2.wav,,1,,1,
86444165f69a46d2bb3b5e4485634e28,learndata\0.2\input_folder\Jungle Jungle - 1989 to 1999 Samplepack\Breaks\Zone Break.wav,,1,,1,
d2c4bc65097f468a930843f5256312f7,learndata\0.2\input_folder\Jungle Jungle - 1989 to 1999 Samplepack\FX\Calm Breath.wav,,1,1,,
3db897266c8543dda82aaa2e0d60166a,learndata\0.2\input_folder\Jungle Jungle - 1989 to 1999 Samplepack\FX\Centuries Laser.wav,,1,1,,
7d383a36241540b380feabe1ac06a6ff,learndata\0.2\input_folder\Jungle Jungle - 1989 to 1999 Samplepack\FX\Centuries Vocode.wav,,1,1,0,1
4b4856e7772d4551b5dcf03c53797b51,learndata\0.2\input_folder\Jungle Jungle - 1989 to 1999 Samplepack\FX\Cool Bell.wav,0,1,1,0,
c4a8d3bc17fd4bf893b2f0921cac01e6,learndata\0.2\input_folder\Jungle Jungle - 1989 to 1999 Samplepack\FX\Cool Glass.wav,,1,,1,
823b12b3ccf34bc4a302b73e0383400d,learndata\0.2\input_folder\Jungle Jungle - 1989 to 1999 Samplepack\FX\Cryo Spider Synth.wav,,1,0,1,1
db93a4ddf7c24491821e770a7cee9588,learndata\0.2\input_folder\Jungle Jungle - 1989 to 1999 Samplepack\FX\Maintain Drone.wav,,1,1,,0
8bba6c98cb0a425ba6ea939167440d83,learndata\0.2\input_folder\Jungle Jungle - 1989 to 1999 Samplepack\FX\Myriad Beep Sine.wav,0,1,1,0,1
4131cf98484847ae830ae6674717756f,learndata\0.2\input_folder\Jungle Jungle - 1989 to 1999 Samplepack\FX\Stranger Hit.wav,1,0,1,0,1
2d412cb02e034ef897a9b8b911a595c9,learndata\0.2\input_folder\Jungle Jungle - 1989 to 1999 Samplepack\Pads\Apollo.wav,,1,1,,1
8a8eb79dba8b498384127decd698e4c2,learndata\0.2\input_folder\Jungle Jungle - 1989 to 1999 Samplepack\Pads\Aura Arp Pad.wav,1,1,1,1,1
b374bc233b784db1a43cb2ca6693659c,learndata\0.2\input_folder\Jungle Jungle - 1989 to 1999 Samplepack\Pads\Back Pad.wav,,1,1,,1
6fd0d29fdf9b447eb0d8c3247c142a2e,learndata\0.2\input_folder\Jungle Jungle - 1989 to 1999 Samplepack\Pads\Bang Pad.wav,,1,1,,1
513e7a7d187e48bb90826f5a3c45201a,learndata\0.2\input_folder\Jungle Jungle - 1989 to 1999 Samplepack\Pads\Boo Pad.wav,,1,1,,1
b8c1d39a02554dcaa6ab4ff6874dd820,learndata\0.2\input_folder\Jungle Jungle - 1989 to 1999 Samplepack\Pads\Bringing Me Pad.wav,,1,1,,1
ee62503f6fe14515aa71840ea99d7782,learndata\0.2\input_folder\Jungle Jungle - 1989 to 1999 Samplepack\Pads\Connected Pad.wav,,1,1,,1
fd0b45b4f63a458bb4f545061689c46c,learndata\0.2\input_folder\Jungle Jungle - 1989 to 1999 Samplepack\Pads\Emotion Pad.wav,,1,1,,1
95ccf28c74cf4e94a7fe07b91fa6362d,learndata\0.2\input_folder\Jungle Jungle - 1989 to 1999 Samplepack\Pads\Face Pads.wav,1,1,1,,1
fa9f51277cac44c6bf36de14aeff9b2c,learndata\0.2\input_folder\Jungle Jungle - 1989 to 1999 Samplepack\Pads\Feenin Pad.wav,,1,1,,1
7c42c6f1034c46c5bf9fff7f16784fda,learndata\0.2\input_folder\Jungle Jungle - 1989 to 1999 Samplepack\Pads\God Chord Pad.wav,,1,1,,1
19f70002877f481a8154868b6339fed5,learndata\0.2\input_folder\Jungle Jungle - 1989 to 1999 Samplepack\Pads\Greetings Pad.wav,1,1,1,,1
498df2bdeb7e496a923f73aa4bd793f7,learndata\0.2\input_folder\Jungle Jungle - 1989 to 1999 Samplepack\Pads\Grey Pad.wav,,1,1,,
d6074199574f43fe82221e74b474e5d1,learndata\0.2\input_folder\Jungle Jungle - 1989 to 1999 Samplepack\Pads\Groove Therapy Lo Pad.wav,1,,1,0,1
784972e6e55c4dd98929453dc200c02c,learndata\0.2\input_folder\Jungle Jungle - 1989 to 1999 Samplepack\Pads\High Point Pad.wav,0,1,1,0,1
b74aab41bc3b44178a780a4446b0098a,learndata\0.2\input_folder\Jungle Jungle - 1989 to 1999 Samplepack\Pads\Hoovers Pad.wav,,1,1,,1
d92afd44aea14c2e96e2a18fbef5335a,learndata\0.2\input_folder\Jungle Jungle - 1989 to 1999 Samplepack\Pads\I Spy Pad.wav,,1,1,1,1
0e7a5fbf5c9d4500b09692f19115c5de,learndata\0.2\input_folder\Jungle Jungle - 1989 to 1999 Samplepack\Pads\Inna Pad 2.wav,,1,1,,1
fe924dccd7244d23a3ac1fc024122bcb,learndata\0.2\input_folder\Jungle Jungle - 1989 to 1999 Samplepack\Pads\Inner Pad.wav,,1,1,,1
af0a53e732f74f299485e10ed7319f9a,learndata\0.2\input_folder\Jungle Jungle - 1989 to 1999 Samplepack\Pads\Portraits Pad.wav,1,1,1,,1
b3758875ad2c4c64892242861890fc1c,learndata\0.2\input_folder\Jungle Jungle - 1989 to 1999 Samplepack\Pads\Recharge Pad.wav,,1,1,,
39097048eee44a748bd65eb256dbf404,learndata\0.2\input_folder\Jungle Jungle - 1989 to 1999 Samplepack\Pads\Reflections Pad.wav,1,1,1,,1
3de0e249dd3d427fbff1275d87bcae25,learndata\0.2\input_folder\Jungle Jungle - 1989 to 1999 Samplepack\Pads\Rock Pad.wav,,1,1,,1
3e666d29cd854c3dac1ba41472afb935,learndata\0.2\input_folder\Jungle Jungle - 1989 to 1999 Samplepack\Pads\Roll Pad.wav,,1,1,,1
a11ec2bb803448e4b8550827482235dc,learndata\0.2\input_folder\Jungle Jungle - 1989 to 1999 Samplepack\Pads\Sign Pad.wav,,1,1,1,1
c8c6353cbdcc4b048c9ec43403390924,learndata\0.2\input_folder\Jungle Jungle - 1989 to 1999 Samplepack\Pads\Sonic Pad.wav,1,1,1,,1
afd97b4f1d554147b208b14d7586b71f,learndata\0.2\input_folder\Jungle Jungle - 1989 to 1999 Samplepack\Pads\Spring Pad.wav,1,,1,,1
3a53d6c94b744657b2b2d76d468d363b,learndata\0.2\input_folder\Jungle Jungle - 1989 to 1999 Samplepack\Pads\Sweet Pad.wav,,1,1,,1
d0900702289b42e09abdb49c3309e758,learndata\0.2\input_folder\Jungle Jungle - 1989 to 1999 Samplepack\Pads\Traenon Pad.wav,1,1,1,,1
5d3d810d05844ea68d1ec13307d20bc2,learndata\0.2\input_folder\Jungle Jungle - 1989 to 1999 Samplepack\Riffs Arps & Hits\Breeze Chord.wav,1,1,1,,1
07f3e44c146e44cca517f83ccc74f201,learndata\0.2\input_folder\Jungle Jungle - 1989 to 1999 Samplepack\Riffs Arps & Hits\Firin Line Rhodes.wav,,1,,1,1
8cffd48b6ce54c80b559a450a30ed362,learndata\0.2\input_folder\Jungle Jungle - 1989 to 1999 Samplepack\Riffs Arps & Hits\Flutes Flute.wav,0,1,0,1,
5791d6a4278c400ea12fa354794c1ab4,learndata\0.2\input_folder\Jungle Jungle - 1989 to 1999 Samplepack\Riffs Arps & Hits\God Chord Duo.wav,,1,1,,1
65e6d67bb91641979d058e70b19062be,learndata\0.2\input_folder\Jungle Jungle - 1989 to 1999 Samplepack\Riffs Arps & Hits\God Chord.wav,1,1,1,,1
66b1e0087fc34868820570f73b038247,learndata\0.2\input_folder\Jungle Jungle - 1989 to 1999 Samplepack\Riffs Arps & Hits\Gravitational Chord.wav,,1,1,,1
8ad1dfeb99fb4412b23ae681fbda0d80,learndata\0.2\input_folder\Jungle Jungle - 1989 to 1999 Samplepack\Riffs Arps & Hits\Head Keys.wav,,1,,1,1
9c3ef17f8d7941ca98459944e5481838,learndata\0.2\input_folder\Jungle Jungle - 1989 to 1999 Samplepack\Riffs Arps & Hits\Horn Theme.wav,,1,1,0,0
03f1acd902b84032a7af60342997027f,learndata\0.2\input_folder\Jungle Jungle - 1989 to 1999 Samplepack\Riffs Arps & Hits\Liberty Chord.wav,1,1,,,1
82eeb3d6d1fd402f8f45b327f89d77bc,learndata\0.2\input_folder\Jungle Jungle - 1989 to 1999 Samplepack\Riffs Arps & Hits\Lights Chord.wav,1,,,,1
8ff445b469354345baf8a02fe990adb3,learndata\0.2\input_folder\Jungle Jungle - 1989 to 1999 Samplepack\Riffs Arps & Hits\Miss Me Piano.wav,,1,,1,1
d6a39afefdea473cb203f561657d4a81,learndata\0.2\input_folder\Jungle Jungle - 1989 to 1999 Samplepack\Riffs Arps & Hits\Moves Stutter Synth.wav,1,1,0,1,
0722316711d644b08c16af18e727fd19,learndata\0.2\input_folder\Jungle Jungle - 1989 to 1999 Samplepack\Riffs Arps & Hits\Night Train Gate Riff.wav,,1,,1,1
ed193852d5f647c9bec75e55cb4b2f0f,learndata\0.2\input_folder\Jungle Jungle - 1989 to 1999 Samplepack\Riffs Arps & Hits\Pin Up Piano.wav,,1,,,1
c1d8f02e5f8540b8baea3f0991ac6c7b,learndata\0.2\input_folder\Jungle Jungle - 1989 to 1999 Samplepack\Riffs Arps & Hits\Raven Hit.wav,,1,,1,
ee7e85fd9b1b418490b04fbf8c8b3e1f,learndata\0.2\input_folder\Jungle Jungle - 1989 to 1999 Samplepack\Riffs Arps & Hits\Repetoire Flute.wav,,1,0,1,1
fadfad8f89f64418ad6f639118948713,learndata\0.2\input_folder\Jungle Jungle - 1989 to 1999 Samplepack\Riffs Arps & Hits\Sky Hit.wav,,1,,1,1
6b84a49ff2644147bf802b8dba29e3b2,learndata\0.2\input_folder\Jungle Jungle - 1989 to 1999 Samplepack\Riffs Arps & Hits\Solar Gtr & String.wav,,1,1,,1
425e3961eefb4896a18808bcc1061957,learndata\0.2\input_folder\Jungle Jungle - 1989 to 1999 Samplepack\Riffs Arps & Hits\Soul Chord.wav,,,0,1,1
10019d17138b4498a30389b91994af94,learndata\0.2\input_folder\Jungle Jungle - 1989 to 1999 Samplepack\Riffs Arps & Hits\Spiritual Keys.wav,,1,1,1,1
656693bbcfd34a48883a278bcd46fa6b,learndata\0.2\input_folder\Jungle Jungle - 1989 to 1999 Samplepack\Riffs Arps & Hits\Sweet Sunshine Strum.wav,,1,0,1,1
6f585dfa156e4dc5a0bc6f444139b11e,learndata\0.2\input_folder\Jungle Jungle - 1989 to 1999 Samplepack\Riffs Arps & Hits\Tear Lead.wav,,1,0,,1
8b9eb4e60a68406a89cf64b3c796f9b3,learndata\0.2\input_folder\Jungle Jungle - 1989 to 1999 Samplepack\Riffs Arps & Hits\Times Stab.wav,1,1,0,1,
2a1b1bfdfece4da7b0f910ba065e471c,learndata\0.2\input_folder\Jungle Jungle - 1989 to 1999 Samplepack\Riffs Arps & Hits\Traenon Rhodes.wav,,1,1,,1
3b31ab7dae774ba99736a496d3a4682a,learndata\0.2\input_folder\Jungle Jungle - 1989 to 1999 Samplepack\Riffs Arps & Hits\Wash Flute.wav,,1,0,1,1
2c9493a0f92843e5abec498ebf697e69,learndata\0.2\input_folder\Loopmasters Ray Keith Original Jungle DnB Vol.1\RK_Sounds And FX Wavs\RK_FX and Vox\RK_Reggaebleeps5.wav,,1,,1,0
87ed3f0313ba439da8ae7c188f9aad61,learndata\0.2\input_folder\Loopmasters Ray Keith Original Jungle DnB Vol.1\RK_Sounds And FX Wavs\RK_Musical Hits\RK_B_Junglechord2.wav,,1,1,0,1
07e9233bf6b54bdf8ce10566230e266d,learndata\0.2\input_folder\Loopmasters Ray Keith Original Jungle DnB Vol.1\RK_Wav Loops\RK_Musical Loops\RK_175_E_Sinisterstring1.wav,,1,1,,1
bfeabad737ea46818942704cbb32b74e,learndata\0.2\input_folder\Loopmasters Ray Keith Original Jungle DnB Vol.1\RK_Wav Loops\RK_Musical Loops\RK_175_G#_Dubecho.wav,,1,,1,1
81595ba8c86a4144a83df1cfa6587d1e,learndata\0.2a\input_folder\Synth Phrases\VPE3 Synth Phrase 01 d-Minor.wav,1,1,0,1,1
11d8618be87340cab25e53cb3f04d51b,learndata\0.2a\input_folder\Synth Phrases\VPE3 Synth Phrase 16 f#-Minor.wav,,1,,1,1
ffcba7797da64d7d894517f544f0baf6,learndata\0.2a\input_folder\Synth Phrases\VPE3 Synth Phrase 25 e-Minor.wav,,1,0,1,1
58d4c5cb7dbf44a2b2577cf0cfef63d5,learndata\0.2a\input_folder\Trumpet\VPE3 Trumpet Phrase 100.wav,,1,0,1,1
885d85a129ff416b8f27958edc65c94c,learndata\0.2a\input_folder\Trumpet\VPE3 Trumpet Phrase 63.wav,,1,0,1,1
a2fac4d2615346b8b1119028416986d7,learndata\0.2a\input_folder\Trumpet\VPE3 Trumpet Phrase 68.wav,,1,0,1,1
d2d368f4802b452fa73107dc1d2e476e,learndata\0.2a\input_folder\Trumpet\VPE3 Trumpet Phrase 71.wav,,1,0,1,1
64c99e7c07734901b407a46da5c871f4,learndata\0.2a\input_folder\Trumpet\VPE3 Trumpet Phrase 81.wav,,1,0,1,1
66ee1f89571840c6982e153c0acd1e2a,learndata\0.2a\input_folder\Trumpet\VPE3 Trumpet Phrase 85.wav,,1,0,1,1
6fac1020eb104fe3adf409a2822a6e0c,learndata\0.2a\input_folder\Trumpet\VPE3 Trumpet Phrase 90.wav,,1,0,1,1
530ebd1621f34ba5a2202d8f2fc1a80c,learndata\0.2a\input_folder\Trumpet\VPE3 Trumpet Phrase 95.wav,,1,0,,1
3587b2c7898b46c3beca97777079cc7b,learndata\0.2a\input_folder\Trumpet\VPE3 Trumpet Phrase 98.wav,,1,0,1,1
e1edcb322f464ecb9f22b3c559b1549c,learndata\0.2a\input_folder\VEC4 Guitarloops 128BPM 140BPM\Acoustic Latin Guitars\VEC4 Acoustic Latin Guitar 03 128BPM Amin.wav.wav,,1,0,1,1
bd473574c57442dcbaab72600732d3a4,learndata\0.2a\input_folder\VEC4 Guitarloops 128BPM 140BPM\Acoustic Latin Guitars\VEC4 Acoustic Latin Guitar 06 128BPM Amin.wav.wav,1,1,1,1,1
17d915eaf68a45fe8d1c852a572387b3,learndata\0.2a\input_folder\VEC4 Guitarloops 128BPM 140BPM\Acoustic Latin Guitars\VEC4 Acoustic Latin Guitar 09 128BPM Bmin.wav,,1,,1,1
b75b0e4fe4d1467b967bb0af4113335f,learndata\0.2a\input_folder\VEC4 Guitarloops 128BPM 140BPM\Acoustic Latin Guitars\VEC4 Acoustic Latin Guitar 12 128BPM C#min.wav,,1,0,1,1
fcca699fd70d4b9a9f5c910894171209,learndata\0.2a\input_folder\VEC4 Guitarloops 128BPM 140BPM\Acoustic Latin Guitars\VEC4 Acoustic Latin Guitar 16 128BPM Cmin.wav,,1,,1,1
cc6c52c7003244f3917d3c5c787a340a,learndata\0.2a\input_folder\VEC4 Guitarloops 128BPM 140BPM\Acoustic Latin Guitars\VEC4 Acoustic Latin Guitar 23 128BPM Dmaj.wav,1,1,1,1,1
c3f33462e78541908800613815b6e90e,learndata\0.2a\input_folder\VEC4 Guitarloops 128BPM 140BPM\Acoustic Latin Guitars\VEC4 Acoustic Latin Guitar 28 128BPM Dmin.wav,,1,1,0,1
7c645e86952648c2a7e54bc39b3b3ba7,learndata\0.2a\input_folder\VEC4 Guitarloops 128BPM 140BPM\Acoustic Latin Guitars\VEC4 Acoustic Latin Guitar 32 128BPM G#maj.wav,,1,,1,1
e799a1fc37f94325877c380bbf359b60,learndata\0.2a\input_folder\VEC4 Guitarloops 128BPM 140BPM\Acoustic Pop Guitars\VEC4 Acoustic Pop Guitar 01 128BPM Cmaj.wav,,1,1,1,1
1a894f1dd25248068f95a337da737941,learndata\0.2a\input_folder\VEC4 Guitarloops 128BPM 140BPM\Acoustic Pop Guitars\VEC4 Acoustic Pop Guitar 06 140BPM Amin.wav,1,1,,1,1
99d77a80e91745eaad43182929bcc8cf,learndata\0.2a\input_folder\VEC4 Guitarloops 128BPM 140BPM\Acoustic Pop Guitars\VEC4 Acoustic Pop Guitar 13 140BPM C#min.wav,,1,,1,1
b15c24a8597c4c049ff1950dd4a6e696,learndata\0.2a\input_folder\VEC4 Guitarloops 128BPM 140BPM\Distorted Guitars\VEC4 Distorted Guitar 01 128BPM Amin.wav,0,1,0,1,0
19779b754c0d4bf08d61cc64f8a27292,learndata\0.2a\input_folder\VEC4 Guitarloops 128BPM 140BPM\Distorted Guitars\VEC4 Distorted Guitar 08 140BPM Amin.wav,,1,0,1,1
4c48b344553d4a6c9f99bd4127f5c2c4,learndata\0.2a\input_folder\VEC4 Guitarloops 128BPM 140BPM\Distorted Guitars\VEC4 Distorted Guitar 13 140BPM C#maj.wav,,1,,1,1
7c397a5bebb84e048f04661b95a6f878,learndata\0.2a\input_folder\VEC4 Guitarloops 128BPM 140BPM\Distorted Guitars\VEC4 Distorted Guitar 18 140BPM G#min.wav,1,1,,1,1
c0ee9e2c15f245e6bae6065d7c0ac3b1,learndata\0.2a\input_folder\VEC4 Guitarloops 128BPM 140BPM\Distorted Guitars\VEC4 Distorted Guitar 28 140BPM C#min.wav,1,1,,0,0
2215e3380458409ea485160894241f5b,learndata\0.2a\input_folder\VEC4 Guitarloops 128BPM 140BPM\Distorted Guitars\VEC4 Distorted Guitar 30 140BPM C#min.wav,1,1,,1,0
0c624eba688243958da425a51c4d70ae,learndata\0.2a\input_folder\VEC4 Guitarloops 128BPM 140BPM\Electric Pop Guitars\VEC4 Electric Pop Guitar 02 128BPM Amin.wav,,1,,1,1
f07e4d56e663441cb54adf04faff3f49,learndata\0.2a\input_folder\VEC4 Guitarloops 128BPM 140BPM\Electric Pop Guitars\VEC4 Electric Pop Guitar 08 128BPM Amin.wav,,1,1,1,
cc20e12ed4bb48a380b56e11c2af5c14,learndata\0.2a\input_folder\VEC4 Guitarloops 128BPM 140BPM\Electric Pop Guitars\VEC4 Electric Pop Guitar 19 128BPM Emin.wav,,1,0,1,1
ac988d5e14f242aba7e4f63da564ed4b,learndata\0.2a\input_folder\VEC4 Guitarloops 128BPM 140BPM\Electric Pop Guitars\VEC4 Electric Pop Guitar 29 128BPM F#min.wav,,0,,1,1
ecfacc339ad247999d14ad1c06b1c699,learndata\0.2a\input_folder\VEC4 Guitarloops 128BPM 140BPM\Electric Pop Guitars\VEC4 Electric Pop Guitar 36 140BPM C#min.wav,,1,,0,1
42ad869edb98447c94deae6eb7621ab7,learndata\0.2b\input_folder\samples\808-77749.wav,,,,1,0
00cfa8b4c3914b1cab9e6b818f4a6e18,learndata\0.2b\input_folder\samples\a-ride-through-chinese-valley-62241.wav,,,,,1
9378c865822e4c62bf72a46ad219437c,learndata\0.2b\input_folder\samples\bass-track-panned-78629.wav,1,,,,
3cef4f3519c241bcac87d32ce58da53e,learndata\0.2b\input_folder\samples\bathroom-chill-background-music-14977.wav,,,1,,1
997c23c50561492aacf5571096025544,learndata\0.2b\input_folder\samples\beat-of-beat-7670.wav,0,0,0,1,0
5dc74b41d61e4cf89ed9898960885b05,learndata\0.2b\input_folder\samples\bminor_rock_bassgroove_120bpm-30321.wav,1,,,,
2e3998f8fbb04585b09da9e3590dff4c,learndata\0.2b\input_folder\samples\chitarra-e-piano-3-30-sec-110546.wav,,,,,1
cc9ab61662114b2cb92266f71bc8a0b0,learndata\0.2b\input_folder\samples\chitarra-e-piano-7-30sec-110550.wav,,,,,1
cbe70f03144b4a6aa115eae1cf0cd5e1,learndata\0.2b\input_folder\samples\choir-ambient-hope-194325.wav,,,1,,1
08e148a43a764057ac1c05fe895e3b84,learndata\0.2b\input_folder\samples\Deep Resonance.wav,,,1,,1
ac78991c518b4d72848738c28683e72c,learndata\0.2b\input_folder\samples\dirty-lofi-beat-66297.wav,,,,1,
6b8dc6f0ab6b423d9e0597d3736dd784,learndata\0.2b\input_folder\samples\dnb-bassline-170-bpm-85155.wav,1,,,,
8e9cbfca73c64523aa7de56be22a1544,learndata\0.2b\input_folder\samples\dreaming-in-happiness-126511.wav,,,,1,
3b1ac387bbed4fa480bd6d38229d6b45,learndata\0.2b\input_folder\samples\epic-drum-intro-18sec-short-195488.wav,,,,1,
8c7f8923b29340f6a9b097320df9e6f1,learndata\0.2b\input_folder\samples\instant-rave-69443.wav,1,,,1,
074c721259aa4f4aa5b1f62daa73b0e9,learndata\0.2b\input_folder\samples\jazz-happy-110855.wav,,0,0,1,1
0811bef8e91747d78a96c7807b452707,learndata\0.2b\input_folder\samples\lca_172_drum_06_full-98179.wav,,,,1,0
0dcc4473e07c44d6b495a8d6c11f66e5,learndata\0.2b\input_folder\samples\pluck-loop-91bpm-132429.wav,,,,1,1
8eb5e64f789c479faf3473cdc5d68d69,learndata\0.2b\input_folder\samples\reese-bass-2-68841.wav,1,,,,
ae1f5179c21e455a843611825146bb00,learndata\0.2b\input_folder\samples\rpeople_127_kickloop_05-106319.wav,,,,1,0
d0c22013e4e74f399be3b1fd63db22e0,learndata\0.2b\input_folder\samples\search-for-infrasonics-soundscape-50316.wav,,,,,1
3e02a42d021f45b59032d84c78135224,learndata\0.2b\input_folder\samples\simple-bass-88983.wav,1,,,,
03cc27691c0b499ca2b23abcffaf392c,learndata\0.2b\input_folder\samples\simple-synth-bass-loop-90-bpm-26827.wav,1,,,,
9a186e40d92b44379f6929d1cea4064a,learndata\0.2b\input_folder\samples\solitarymaninblack-techno-loop-11912.wav,,,,1,
f14f5cd4789b4e32b3dd1548715b1888,learndata\0.2b\input_folder\samples\texture-bells-214716.wav,,,1,,1
cff79086bef54ee9a6b6c7d661ce4761,learndata\0.2b\input_folder\samples\the-long-hall-of-the-machine-men-54893.wav,,,1,,1
5c7a4560d9f240d485cd120801c85509,learndata\0.2b\input_folder\samples\video-game-music-loop-27629.wav,0,0,1,,
e55384c867d748a6bf65dc1ef24c340d,learndata\0.2b\input_folder\samples\windchimepadc1-72472.wav,,,,,1
bbf4b5cb19f44a26b91cb870776518ff,learndata\0.2b\input_folder\samples\woowee-2-92962.wav,0,1,,,1
b104f7d1-0399-4c1e-a92b-4aed347779d1,learndata\0.2b\input_folder\samples\bass-mix.wav,1,,,,
87dae595-e155-4b44-a386-8468a5b4f91e,learndata\0.2b\input_folder\samples\pitch-mix.wav,,1,,,